{"cameraMode":{"drawMode":0,"name":"Shaded","section":"Shading Mode"},"sceneLighting":true,"audioPlay":false,"sceneViewState":{"m_AlwaysRefresh":false,"showFog":true,"showSkybox":true,"showFlares":true,"showImageEffects":true,"showParticleSystems":true,"showVisualEffectGraphs":true,"m_FxEnabled":true},"in2DMode":false,"pivot":{"x":-0.3416251540184021,"y":-0.18670296669006349,"z":3.863908529281616},"rotation":{"x":-0.33694785833358767,"y":-0.3510405421257019,"z":0.13708919286727906,"w":-0.8628121018409729},"size":2.4234330654144289,"orthographic":false}