{"cameraMode":{"drawMode":0,"name":"Shaded","section":"Shading Mode"},"sceneLighting":false,"audioPlay":false,"sceneViewState":{"m_AlwaysRefresh":false,"showFog":true,"showSkybox":false,"showFlares":true,"showImageEffects":true,"showParticleSystems":true,"showVisualEffectGraphs":true,"m_FxEnabled":true},"in2DMode":false,"pivot":{"x":1.1938246488571168,"y":0.5505175590515137,"z":0.1728053092956543},"rotation":{"x":-0.10718220472335816,"y":-0.8885931968688965,"z":0.27019092440605166,"w":-0.3551149070262909},"size":1.7662389278411866,"orthographic":false}