{"cameraMode":{"drawMode":0,"name":"Shaded","section":"Shading Mode"},"sceneLighting":false,"audioPlay":false,"sceneViewState":{"m_AlwaysRefresh":false,"showFog":true,"showSkybox":false,"showFlares":true,"showImageEffects":true,"showParticleSystems":true,"showVisualEffectGraphs":true,"m_FxEnabled":true},"in2DMode":false,"pivot":{"x":-0.0014377236366271973,"y":4.754281044006348,"z":32.130001068115237},"rotation":{"x":-0.23864026367664338,"y":0.08089099824428559,"z":-0.020011622458696367,"w":-0.9676129221916199},"size":0.8621443510055542,"orthographic":false}