{"cameraMode":{"drawMode":0,"name":"Shaded","section":"Shading Mode"},"sceneLighting":true,"audioPlay":false,"sceneViewState":{"m_AlwaysRefresh":false,"showFog":true,"showSkybox":true,"showFlares":true,"showImageEffects":true,"showParticleSystems":true,"showVisualEffectGraphs":true,"m_FxEnabled":true},"in2DMode":false,"pivot":{"x":0.7059842348098755,"y":2.6273741722106935,"z":17.2908935546875},"rotation":{"x":-0.0013941351789981127,"y":0.998498260974884,"z":-0.027271360158920289,"w":-0.049168661236763},"size":0.14957720041275025,"orthographic":false}