{"cameraMode":{"drawMode":0,"name":"Shaded","section":"Shading Mode"},"sceneLighting":false,"audioPlay":false,"sceneViewState":{"m_AlwaysRefresh":false,"showFog":true,"showSkybox":false,"showFlares":true,"showImageEffects":true,"showParticleSystems":true,"showVisualEffectGraphs":true,"m_FxEnabled":true},"in2DMode":false,"pivot":{"x":0.4526427984237671,"y":1.0908265113830567,"z":1.6101137399673463},"rotation":{"x":-0.05336388573050499,"y":-0.945925235748291,"z":0.21906247735023499,"w":-0.23363155126571656},"size":2.0514988899230959,"orthographic":false}