{"cameraMode":{"drawMode":0,"name":"Shaded","section":"Shading Mode"},"sceneLighting":false,"audioPlay":false,"sceneViewState":{"m_AlwaysRefresh":false,"showFog":true,"showSkybox":false,"showFlares":true,"showImageEffects":true,"showParticleSystems":true,"showVisualEffectGraphs":true,"m_FxEnabled":true},"in2DMode":false,"pivot":{"x":5.960464477539063e-8,"y":-0.4434773921966553,"z":0.06800442188978195},"rotation":{"x":0.14539273083209992,"y":0.10980723053216934,"z":0.015472552739083767,"w":-0.983390748500824},"size":0.9110526442527771,"orthographic":false}