{"cameraMode":{"drawMode":0,"name":"Shaded","section":"Shading Mode"},"sceneLighting":false,"audioPlay":false,"sceneViewState":{"m_AlwaysRefresh":false,"showFog":true,"showSkybox":false,"showFlares":true,"showImageEffects":true,"showParticleSystems":true,"showVisualEffectGraphs":true,"m_FxEnabled":true},"in2DMode":false,"pivot":{"x":0.000006642920197919011,"y":0.000006791329724364914,"z":0.000013469816622091457},"rotation":{"x":0.19423462450504304,"y":-0.32024431228637698,"z":0.06721623986959458,"w":0.9248414635658264},"size":1.8000211715698243,"orthographic":false}