{"cameraMode":{"drawMode":0,"name":"Shaded","section":"Shading Mode"},"sceneLighting":false,"audioPlay":false,"sceneViewState":{"m_AlwaysRefresh":false,"showFog":true,"showSkybox":false,"showFlares":true,"showImageEffects":true,"showParticleSystems":true,"showVisualEffectGraphs":true,"m_FxEnabled":true},"in2DMode":false,"pivot":{"x":-13.360815048217774,"y":1.0600249767303467,"z":20.28900146484375},"rotation":{"x":0.004760796669870615,"y":-0.9956021904945374,"z":0.08018381893634796,"w":0.0502842515707016},"size":2.1553139686584474,"orthographic":false}