{"cameraMode":{"drawMode":0,"name":"Shaded","section":"Shading Mode"},"sceneLighting":false,"audioPlay":false,"sceneViewState":{"m_AlwaysRefresh":false,"showFog":true,"showSkybox":false,"showFlares":true,"showImageEffects":true,"showParticleSystems":true,"showVisualEffectGraphs":true,"m_FxEnabled":true},"in2DMode":false,"pivot":{"x":0.05131047964096069,"y":0.10397368669509888,"z":0.005373954772949219},"rotation":{"x":0.2535698115825653,"y":-0.4843219816684723,"z":0.14899496734142304,"w":0.8240553140640259},"size":1.2444547414779664,"orthographic":false}