{"cameraMode":{"drawMode":0,"name":"Shaded","section":"Shading Mode"},"sceneLighting":true,"audioPlay":false,"sceneViewState":{"m_AlwaysRefresh":false,"showFog":true,"showSkybox":true,"showFlares":true,"showImageEffects":true,"showParticleSystems":true,"showVisualEffectGraphs":true,"m_FxEnabled":true},"in2DMode":false,"pivot":{"x":1.5506401062011719,"y":9.066977500915528,"z":-4.055281639099121},"rotation":{"x":0.07860032469034195,"y":-0.8942778706550598,"z":0.17101041972637177,"w":0.40635013580322268},"size":13.70177936553955,"orthographic":false}