{"cameraMode":{"drawMode":0,"name":"Shaded","section":"Shading Mode"},"sceneLighting":true,"audioPlay":false,"sceneViewState":{"m_AlwaysRefresh":false,"showFog":true,"showSkybox":true,"showFlares":true,"showImageEffects":true,"showParticleSystems":true,"showVisualEffectGraphs":true,"m_FxEnabled":true},"in2DMode":false,"pivot":{"x":-2.7854979038238527,"y":3.594712257385254,"z":13.056679725646973},"rotation":{"x":0.2615978419780731,"y":0.039930541068315509,"z":-0.010784005746245385,"w":0.9643250703811646},"size":12.664399147033692,"orthographic":false}