{"cameraMode":{"drawMode":0,"name":"Shaded","section":"Shading Mode"},"sceneLighting":true,"audioPlay":false,"sceneViewState":{"m_AlwaysRefresh":false,"showFog":true,"showSkybox":true,"showFlares":true,"showImageEffects":true,"showParticleSystems":true,"showVisualEffectGraphs":true,"m_FxEnabled":true},"in2DMode":false,"pivot":{"x":-0.520499587059021,"y":1.81619393825531,"z":8.680780410766602},"rotation":{"x":-0.09943026304244995,"y":0.011940260417759419,"z":0.0011932096676900983,"w":0.9949728846549988},"size":-8.406722068786621,"orthographic":false}