{"cameraMode":{"drawMode":0,"name":"Shaded","section":"Shading Mode"},"sceneLighting":true,"audioPlay":false,"sceneViewState":{"m_AlwaysRefresh":false,"showFog":true,"showSkybox":true,"showFlares":true,"showImageEffects":true,"showParticleSystems":true,"showVisualEffectGraphs":true,"m_FxEnabled":true},"in2DMode":false,"pivot":{"x":2.9097049236297609,"y":1.3094968795776368,"z":16.245555877685548},"rotation":{"x":0.26140788197517397,"y":0.05353662744164467,"z":-0.01452304795384407,"w":0.9636332392692566},"size":16.908031463623048,"orthographic":false}