{"cameraMode":{"drawMode":0,"name":"Shaded","section":"Shading Mode"},"sceneLighting":true,"audioPlay":false,"sceneViewState":{"m_AlwaysRefresh":false,"showFog":true,"showSkybox":true,"showFlares":true,"showImageEffects":true,"showParticleSystems":true,"showVisualEffectGraphs":true,"m_FxEnabled":true},"in2DMode":false,"pivot":{"x":-11.586538314819336,"y":1.0739765167236329,"z":12.405550956726075},"rotation":{"x":0.23260082304477693,"y":-0.6681084036827087,"z":0.23288094997406007,"w":0.6673045754432678},"size":9.988077163696289,"orthographic":false}