{"cameraMode":{"drawMode":0,"name":"Shaded","section":"Shading Mode"},"sceneLighting":false,"audioPlay":false,"sceneViewState":{"m_AlwaysRefresh":false,"showFog":true,"showSkybox":false,"showFlares":true,"showImageEffects":true,"showParticleSystems":true,"showVisualEffectGraphs":true,"m_FxEnabled":true},"in2DMode":false,"pivot":{"x":0.04021453857421875,"y":0.7300505638122559,"z":-0.06760430335998535},"rotation":{"x":0.003651558654382825,"y":0.9857815504074097,"z":-0.16808995604515077,"w":0.020814070478081704},"size":2.825404644012451,"orthographic":false}