{"cameraMode":{"drawMode":0,"name":"Shaded","section":"Shading Mode"},"sceneLighting":false,"audioPlay":false,"sceneViewState":{"m_AlwaysRefresh":false,"showFog":true,"showSkybox":false,"showFlares":true,"showImageEffects":true,"showParticleSystems":true,"showVisualEffectGraphs":true,"m_FxEnabled":true},"in2DMode":false,"pivot":{"x":8.294633865356446,"y":1.5731600522994996,"z":-0.16088443994522096},"rotation":{"x":0.004760796669870615,"y":-0.9956021904945374,"z":0.08018381893634796,"w":0.0502842515707016},"size":0.8660253882408142,"orthographic":false}