{"cameraMode":{"drawMode":0,"name":"Shaded","section":"Shading Mode"},"sceneLighting":true,"audioPlay":false,"sceneViewState":{"m_AlwaysRefresh":false,"showFog":true,"showSkybox":false,"showFlares":true,"showImageEffects":true,"showParticleSystems":true,"showVisualEffectGraphs":true,"m_FxEnabled":true},"in2DMode":false,"pivot":{"x":-1.8179999589920045,"y":3.115818977355957,"z":0.003999918699264526},"rotation":{"x":-0.04729312285780907,"y":0.949792742729187,"z":-0.16995054483413697,"w":-0.25889351963996889},"size":0.635712206363678,"orthographic":false}