{"cameraMode":{"drawMode":0,"name":"Shaded","section":"Shading Mode"},"sceneLighting":false,"audioPlay":false,"sceneViewState":{"m_AlwaysRefresh":false,"showFog":true,"showSkybox":false,"showFlares":true,"showImageEffects":true,"showParticleSystems":true,"showVisualEffectGraphs":true,"m_FxEnabled":true},"in2DMode":false,"pivot":{"x":0.04021453857421875,"y":0.7300505638122559,"z":-0.06760430335998535},"rotation":{"x":-0.3241623640060425,"y":0.06702949106693268,"z":-0.022275837138295175,"w":-0.9434636235237122},"size":2.825404644012451,"orthographic":false}