{"cameraMode":{"drawMode":0,"name":"Shaded","section":"Shading Mode"},"sceneLighting":false,"audioPlay":false,"sceneViewState":{"m_AlwaysRefresh":false,"showFog":true,"showSkybox":false,"showFlares":true,"showImageEffects":true,"showParticleSystems":true,"showVisualEffectGraphs":true,"m_FxEnabled":false},"in2DMode":false,"pivot":{"x":-0.4178899824619293,"y":0.4675026834011078,"z":0.701689600944519},"rotation":{"x":-0.0071745868772268299,"y":0.9917539358139038,"z":-0.11084986478090286,"w":-0.06407066434621811},"size":0.69402015209198,"orthographic":false}