{"cameraMode":{"drawMode":0,"name":"Shaded","section":"Shading Mode"},"sceneLighting":false,"audioPlay":false,"sceneViewState":{"m_AlwaysRefresh":false,"showFog":true,"showSkybox":false,"showFlares":true,"showImageEffects":true,"showParticleSystems":true,"showVisualEffectGraphs":true,"m_FxEnabled":true},"in2DMode":false,"pivot":{"x":-1.0119999647140504,"y":0.9745416641235352,"z":14.949000358581543},"rotation":{"x":-0.010607438161969185,"y":-0.7078385353088379,"z":0.01104819681495428,"w":-0.7064422965049744},"size":1.592397928237915,"orthographic":false}