{"cameraMode":{"drawMode":0,"name":"Shaded","section":"Shading Mode"},"sceneLighting":false,"audioPlay":false,"sceneViewState":{"m_AlwaysRefresh":false,"showFog":true,"showSkybox":false,"showFlares":true,"showImageEffects":true,"showParticleSystems":true,"showVisualEffectGraphs":true,"m_FxEnabled":true},"in2DMode":false,"pivot":{"x":0.134861022233963,"y":-0.26133501529693606,"z":0.28369927406311037},"rotation":{"x":0.2221079021692276,"y":-0.06405916064977646,"z":0.013910243287682534,"w":0.9729107618331909},"size":0.7872276902198792,"orthographic":false}