{"cameraMode":{"drawMode":0,"name":"Shaded","section":"Shading Mode"},"sceneLighting":false,"audioPlay":false,"sceneViewState":{"m_AlwaysRefresh":false,"showFog":true,"showSkybox":false,"showFlares":true,"showImageEffects":true,"showParticleSystems":true,"showVisualEffectGraphs":true,"m_FxEnabled":false},"in2DMode":false,"pivot":{"x":-0.001016378402709961,"y":0.09171104431152344,"z":0.023728370666503907},"rotation":{"x":-0.2832182049751282,"y":0.6100712418556213,"z":-0.2477879822254181,"w":-0.6972927451133728},"size":3.0841588973999025,"orthographic":false}