{"cameraMode":{"drawMode":0,"name":"Shaded","section":"Shading Mode"},"sceneLighting":false,"audioPlay":false,"sceneViewState":{"m_AlwaysRefresh":false,"showFog":true,"showSkybox":false,"showFlares":true,"showImageEffects":true,"showParticleSystems":true,"showVisualEffectGraphs":true,"m_FxEnabled":true},"in2DMode":false,"pivot":{"x":0.0009655356407165527,"y":1.3731600046157838,"z":-0.033531367778778079},"rotation":{"x":0.003651558654382825,"y":0.9857815504074097,"z":-0.16808995604515077,"w":0.020814070478081704},"size":1.470961570739746,"orthographic":false}