{"cameraMode":{"drawMode":0,"name":"Shaded","section":"Shading Mode"},"sceneLighting":false,"audioPlay":false,"sceneViewState":{"m_AlwaysRefresh":false,"showFog":true,"showSkybox":false,"showFlares":true,"showImageEffects":true,"showParticleSystems":true,"showVisualEffectGraphs":true,"m_FxEnabled":false},"in2DMode":false,"pivot":{"x":-0.027187108993530275,"y":-0.04378938674926758,"z":-0.007929086685180664},"rotation":{"x":0.23921962082386018,"y":-0.5569921135902405,"z":0.1715707927942276,"w":0.7766001224517822},"size":4.919027805328369,"orthographic":false}