{"cameraMode":{"drawMode":0,"name":"Shaded","section":"Shading Mode"},"sceneLighting":false,"audioPlay":false,"sceneViewState":{"m_AlwaysRefresh":false,"showFog":true,"showSkybox":false,"showFlares":true,"showImageEffects":true,"showParticleSystems":true,"showVisualEffectGraphs":true,"m_FxEnabled":true},"in2DMode":false,"pivot":{"x":-20.016000747680665,"y":-2.379181146621704,"z":16.716999053955079},"rotation":{"x":-0.02797728031873703,"y":0.7653575539588928,"z":0.03289540857076645,"w":0.6424157619476318},"size":0.6357123851776123,"orthographic":false}