{"cameraMode":{"drawMode":0,"name":"Shaded","section":"Shading Mode"},"sceneLighting":false,"audioPlay":false,"sceneViewState":{"m_AlwaysRefresh":false,"showFog":true,"showSkybox":false,"showFlares":true,"showImageEffects":true,"showParticleSystems":true,"showVisualEffectGraphs":true,"m_FxEnabled":false},"in2DMode":false,"pivot":{"x":1.3716812133789063,"y":-0.9385573863983154,"z":2.4417107105255129},"rotation":{"x":-0.2724400460720062,"y":-0.0499117374420166,"z":0.014153139665722847,"w":-0.9607739448547363},"size":3.6003024578094484,"orthographic":false}