{"cameraMode":{"drawMode":0,"name":"Shaded","section":"Shading Mode"},"sceneLighting":false,"audioPlay":false,"sceneViewState":{"m_AlwaysRefresh":false,"showFog":true,"showSkybox":false,"showFlares":true,"showImageEffects":true,"showParticleSystems":true,"showVisualEffectGraphs":true,"m_FxEnabled":true},"in2DMode":false,"pivot":{"x":5.960464477539063e-8,"y":0.43313735723495486,"z":0.010120958089828492},"rotation":{"x":-0.008298564702272416,"y":-0.9844847917556763,"z":0.1684873104095459,"w":-0.04847947508096695},"size":1.0774608850479127,"orthographic":false}