{"cameraMode":{"drawMode":0,"name":"Shaded","section":"Shading Mode"},"sceneLighting":false,"audioPlay":false,"sceneViewState":{"m_AlwaysRefresh":false,"showFog":true,"showSkybox":false,"showFlares":true,"showImageEffects":true,"showParticleSystems":true,"showVisualEffectGraphs":true,"m_FxEnabled":true},"in2DMode":false,"pivot":{"x":0.10755276679992676,"y":0.9689669013023377,"z":0.1886218786239624},"rotation":{"x":0.003651558654382825,"y":0.9857815504074097,"z":-0.16808995604515077,"w":0.020814070478081704},"size":2.1760013103485109,"orthographic":false}