{"cameraMode":{"drawMode":0,"name":"Shaded","section":"Shading Mode"},"sceneLighting":true,"audioPlay":false,"sceneViewState":{"m_AlwaysRefresh":false,"showFog":true,"showSkybox":true,"showFlares":true,"showImageEffects":true,"showParticleSystems":true,"showVisualEffectGraphs":true,"m_FxEnabled":false},"in2DMode":false,"pivot":{"x":-1.5105044841766358,"y":-2.6158251762390138,"z":14.2556734085083},"rotation":{"x":0.7034798860549927,"y":-0.006180301774293184,"z":0.0061062974855303768,"w":0.7106746435165405},"size":4.008594036102295,"orthographic":false}