{"cameraMode":{"drawMode":0,"name":"Shaded","section":"Shading Mode"},"sceneLighting":true,"audioPlay":false,"sceneViewState":{"m_AlwaysRefresh":false,"showFog":true,"showSkybox":true,"showFlares":true,"showImageEffects":true,"showParticleSystems":true,"showVisualEffectGraphs":true,"m_FxEnabled":false},"in2DMode":false,"pivot":{"x":0.0881010890007019,"y":2.762216567993164,"z":8.807029724121094},"rotation":{"x":0.032262060791254047,"y":0.7606827616691589,"z":-0.03792370855808258,"w":0.6472236514091492},"size":1.6378306150436402,"orthographic":false}