{"cameraMode":{"drawMode":0,"name":"Shaded","section":"Shading Mode"},"sceneLighting":true,"audioPlay":false,"sceneViewState":{"m_AlwaysRefresh":false,"showFog":true,"showSkybox":true,"showFlares":true,"showImageEffects":true,"showParticleSystems":true,"showVisualEffectGraphs":true,"m_FxEnabled":true},"in2DMode":false,"pivot":{"x":-0.19966661930084229,"y":4.7549028396606449,"z":20.622610092163087},"rotation":{"x":0.3761100769042969,"y":-0.12822850048542024,"z":0.051892999559640887,"w":0.916301965713501},"size":1.4128131866455079,"orthographic":false}