{"cameraMode":{"drawMode":0,"name":"Shaded","section":"Shading Mode"},"sceneLighting":true,"audioPlay":false,"sceneViewState":{"m_AlwaysRefresh":false,"showFog":true,"showSkybox":true,"showFlares":true,"showImageEffects":true,"showParticleSystems":true,"showVisualEffectGraphs":true,"m_FxEnabled":true},"in2DMode":false,"pivot":{"x":-7.51739501953125,"y":1.0600241422653199,"z":19.994152069091798},"rotation":{"x":-0.3241623640060425,"y":0.06702949106693268,"z":-0.022275837138295175,"w":-0.9434636235237122},"size":2.1553142070770265,"orthographic":false}