{"cameraMode":{"drawMode":0,"name":"Shaded","section":"Shading Mode"},"sceneLighting":false,"audioPlay":false,"sceneViewState":{"m_AlwaysRefresh":false,"showFog":true,"showSkybox":false,"showFlares":true,"showImageEffects":true,"showParticleSystems":true,"showVisualEffectGraphs":true,"m_FxEnabled":false},"in2DMode":false,"pivot":{"x":0.5791637897491455,"y":-0.016017407178878785,"z":-0.0026557892560958864},"rotation":{"x":0.23921962082386018,"y":-0.5569921135902405,"z":0.1715707927942276,"w":0.7766001224517822},"size":0.9408400058746338,"orthographic":false}