{"cameraMode":{"drawMode":0,"name":"Shaded","section":"Shading Mode"},"sceneLighting":false,"audioPlay":false,"sceneViewState":{"m_AlwaysRefresh":false,"showFog":true,"showSkybox":false,"showFlares":true,"showImageEffects":true,"showParticleSystems":true,"showVisualEffectGraphs":true,"m_FxEnabled":true},"in2DMode":false,"pivot":{"x":10.373048782348633,"y":5.702773094177246,"z":-19.71692657470703},"rotation":{"x":-0.18375055491924287,"y":-0.015327195636928082,"z":0.0027993859257549049,"w":-0.9829277992248535},"size":3.7232213020324709,"orthographic":false}