{"cameraMode":{"drawMode":0,"name":"Shaded","section":"Shading Mode"},"sceneLighting":false,"audioPlay":false,"sceneViewState":{"m_AlwaysRefresh":false,"showFog":true,"showSkybox":false,"showFlares":true,"showImageEffects":true,"showParticleSystems":true,"showVisualEffectGraphs":true,"m_FxEnabled":true},"in2DMode":false,"pivot":{"x":0.39590877294540408,"y":0.10652589797973633,"z":-3.077455520629883},"rotation":{"x":0.003651558654382825,"y":0.9857815504074097,"z":-0.16808995604515077,"w":0.020814070478081704},"size":3.6239442825317385,"orthographic":false}