{"cameraMode":{"drawMode":0,"name":"Shaded","section":"Shading Mode"},"sceneLighting":false,"audioPlay":false,"sceneViewState":{"m_AlwaysRefresh":false,"showFog":true,"showSkybox":false,"showFlares":true,"showImageEffects":true,"showParticleSystems":true,"showVisualEffectGraphs":true,"m_FxEnabled":true},"in2DMode":false,"pivot":{"x":-0.12987995147705079,"y":1.3460657596588135,"z":-0.0654757022857666},"rotation":{"x":-0.02797728031873703,"y":0.7653575539588928,"z":0.03289540857076645,"w":0.6424157619476318},"size":2.400017261505127,"orthographic":false}