{"cameraMode":{"drawMode":0,"name":"Shaded","section":"Shading Mode"},"sceneLighting":false,"audioPlay":false,"sceneViewState":{"m_AlwaysRefresh":false,"showFog":true,"showSkybox":false,"showFlares":true,"showImageEffects":true,"showParticleSystems":true,"showVisualEffectGraphs":true,"m_FxEnabled":true},"in2DMode":false,"pivot":{"x":0.0008482933044433594,"y":1.7272015810012818,"z":0.3944684863090515},"rotation":{"x":-0.3241623640060425,"y":0.06702949106693268,"z":-0.022275837138295175,"w":-0.9434636235237122},"size":3.0727896690368654,"orthographic":false}