{"cameraMode":{"drawMode":0,"name":"Shaded","section":"Shading Mode"},"sceneLighting":false,"audioPlay":false,"sceneViewState":{"m_AlwaysRefresh":false,"showFog":true,"showSkybox":false,"showFlares":true,"showImageEffects":true,"showParticleSystems":true,"showVisualEffectGraphs":true,"m_FxEnabled":true},"in2DMode":false,"pivot":{"x":0.30866527557373049,"y":0.0027097463607788088,"z":0.38432854413986208},"rotation":{"x":0.19423462450504304,"y":-0.32024431228637698,"z":0.06721623986959458,"w":0.9248414635658264},"size":2.7830328941345217,"orthographic":false}